{"sections":{"banner":{"type":"collection-banner","settings":{"full_width":false,"allow_transparent_header":false,"enable_parallax":true,"show_collection_title":true,"show_collection_description":true,"show_collection_image":true,"collection_title_size":"h0","image_size":"auto","mobile_text_position":"place-self-center text-center","desktop_text_position":"sm:place-self-center sm:text-center","featured_product":"","featured_product_heading":"Featured product","text_color":"#ffffff","overlay_color":"#000000","overlay_opacity":30}},"main":{"type":"main-collection","settings":{"products_per_page":24,"products_per_row_mobile":"2","products_per_row_desktop":3,"filter_layout":"sidebar","show_sort_by":true,"show_filters":true,"show_filter_group_name":false,"show_color_swatch":true,"show_empty_filter_values":false,"show_filter_values_count":true,"open_first_filter_group":false}}},"order":["banner","main"]}