{"sections":{"image-with-text-overlay":{"type":"image-with-text-overlay","settings":{"full_width":true,"allow_transparent_header":true,"enable_parallax":false,"image_size":"fill","image":"shopify:\/\/shop_images\/video-limpo_1726868049159_jcmdev_toolsMConverter.eu-ezgif.com-resize.webp","mobile_image":"shopify:\/\/shop_images\/video-limpo_1726868049159_jcmdev_toolsMConverter.eu-ezgif.com-resize_1.webp","mobile_text_position":"place-self-center text-center","desktop_text_position":"sm:place-self-center sm:text-center","text_color":"#ffffff","overlay_color":"#000000","overlay_opacity":30}},"slideshow":{"type":"slideshow","disabled":true,"settings":{"full_width":true,"allow_transparent_header":true,"image_size":"auto","controls_type":"numbers","transition_type":"fade_with_text","autoplay":true,"cycle_speed":6,"background":"#f2f2f2","background_gradient":"linear-gradient(60deg, rgba(60, 65, 68, 1), rgba(23, 29, 33, 1) 98%)"}},"image-link-blocks":{"type":"image-link-blocks","blocks":{"1664424046b00c932c-0":{"type":"item","settings":{"stretch_image":true,"link_text":"","link_url":"","background":"","text_color":"#ffffff","overlay_color":"#000000","overlay_opacity":0}},"1664424046b00c932c-1":{"type":"item","settings":{"stretch_image":true,"link_text":"","link_url":"","background":"","text_color":"#ffffff","overlay_color":"#000000","overlay_opacity":0}},"1664424046b00c932c-2":{"type":"item","settings":{"stretch_image":true,"link_text":"","link_url":"","background":"","text_color":"#ffffff","overlay_color":"#000000","overlay_opacity":0}},"1664424046b00c932c-3":{"type":"item","settings":{"stretch_image":true,"link_text":"","link_url":"","background":"","text_color":"#ffffff","overlay_color":"#000000","overlay_opacity":0}},"e4a0ef18-1856-4ddd-83d8-871a60d7acac":{"type":"item","settings":{"stretch_image":true,"link_text":"","link_url":"","background":"","text_color":"#ffffff","overlay_color":"#000000","overlay_opacity":0}}},"block_order":["1664424046b00c932c-0","1664424046b00c932c-1","1664424046b00c932c-2","1664424046b00c932c-3","e4a0ef18-1856-4ddd-83d8-871a60d7acac"],"disabled":true,"settings":{"full_width":false,"block_size":"medium","subheading":"","title":"","content":"","link_url":"","link_text":"","background":"","background_gradient":"","text_color":"","heading_color":"","heading_gradient":""}},"scrolling-text":{"type":"scrolling-text","settings":{"full_width":true,"text":"ORENZA +2 MIL CLIENTES ATENDIDOS","text_size":"small","text_style":"fill","scrolling_mode":"auto","scrolling_speed":5,"background":"rgba(0,0,0,0)","background_gradient":"","text_color":"#000000","text_gradient":""}},"collection-list":{"type":"collection-list","blocks":{"collection-1":{"type":"collection","settings":{"collection":"frontpage","subheading":"","title":"","url":"","heading_tag":"h2","text_position":"place-self-center text-center","text_color":"#ffffff","overlay_color":"#000000","overlay_opacity":30}},"collection-2":{"type":"collection","settings":{"collection":"","subheading":"","title":"","url":"","heading_tag":"h2","text_position":"place-self-center text-center","text_color":"#ffffff","overlay_color":"#000000","overlay_opacity":30}},"collection-3":{"type":"collection","settings":{"collection":"","subheading":"","title":"","url":"","heading_tag":"h2","text_position":"place-self-center text-center","text_color":"#ffffff","overlay_color":"#000000","overlay_opacity":30}}},"block_order":["collection-1","collection-2","collection-3"],"disabled":true,"settings":{"full_width":true,"stack_collections":false,"collections_per_row":3,"show_progress_bar":false,"subheading":"","title":"Mais Vendidos","content":"","link_url":"","link_text":"View all","background":"","background_gradient":"","text_color":"","heading_color":"","heading_gradient":""}},"featured-collection":{"type":"featured-collection","settings":{"collection":"aco-inoxidavel","products":[],"full_width":true,"stack_products":true,"show_progress_bar":true,"products_count":4,"products_per_row_mobile":"2","products_per_row_desktop":4,"subheading":"","title":"Os mais luxuosos","content":"","link_url":"","link_text":"Ver mais","background":"","background_gradient":"","text_color":"","heading_color":"","heading_gradient":"","product_card_background":"","product_card_text_color":""}},"impact-text":{"type":"impact-text","blocks":{"1664424181b38582d5-0":{"type":"item","settings":{"title":"100%","subheading":"Showcase a benefit of your product","content":"","button_text":"","button_url":"","animate_impact_text":false,"animate_impact_text_duration":2}}},"block_order":["1664424181b38582d5-0"],"disabled":true,"settings":{"full_width":true,"stack_mobile":true,"text_alignment":"center","impact_text_style":"fill","text_divider":"none","impact_text_size_ratio":1,"background":"","background_gradient":"","heading_text_color":"","heading_gradient":"linear-gradient(180deg, rgba(26, 26, 26, 0.2), rgba(26, 26, 26, 0) 100%)","text_color":"","button_background":"","button_text_color":""}},"media-grid":{"type":"media-grid","blocks":{"item-1":{"type":"image","settings":{"title":"Promote your products","heading_tag":"h4","link_url":"","link_text":"","mobile_text_position":"place-self-center text-center","desktop_column_span":2,"desktop_row_span":2,"desktop_text_position":"sm:place-self-center sm:text-center","background":"#000000","background_gradient":"","text_color":"#ffffff","text_gradient":"","button_background":"#000000","button_text_color":"#ffffff","overlay_color":"#000000","overlay_opacity":0}},"item-2":{"type":"image","settings":{"title":"Promote your products","heading_tag":"h4","link_url":"","link_text":"","mobile_text_position":"place-self-center text-center","desktop_column_span":1,"desktop_row_span":1,"desktop_text_position":"sm:place-self-center sm:text-center","background":"#000000","background_gradient":"","text_color":"#ffffff","text_gradient":"","button_background":"#000000","button_text_color":"#ffffff","overlay_color":"#000000","overlay_opacity":0}},"item-3":{"type":"image","settings":{"title":"Promote your products","heading_tag":"h4","link_url":"","link_text":"","mobile_text_position":"place-self-center text-center","desktop_column_span":1,"desktop_row_span":1,"desktop_text_position":"sm:place-self-center sm:text-center","background":"#000000","background_gradient":"","text_color":"#ffffff","text_gradient":"","button_background":"#000000","button_text_color":"#ffffff","overlay_color":"#000000","overlay_opacity":0}},"29246d34-c6e0-4373-84f6-b15e57736a00":{"type":"image","settings":{"title":"Promote your products","heading_tag":"h4","link_url":"","link_text":"","mobile_text_position":"place-self-center text-center","desktop_column_span":2,"desktop_row_span":1,"desktop_text_position":"sm:place-self-center sm:text-center","background":"#000000","background_gradient":"","text_color":"#ffffff","text_gradient":"","button_background":"#000000","button_text_color":"#ffffff","overlay_color":"#000000","overlay_opacity":0}}},"block_order":["item-1","item-2","item-3","29246d34-c6e0-4373-84f6-b15e57736a00"],"disabled":true,"settings":{"full_width":true,"reduce_width":false,"desktop_row_height":290,"mobile_row_height":150,"background":"","background_gradient":""}},"featured-product":{"type":"featured-product","blocks":{"vendor":{"type":"vendor","settings":{}},"title":{"type":"title","settings":{"heading_tag":"h2"}},"badges":{"type":"badges","settings":{}},"price":{"type":"price","settings":{"show_taxes_notice":false}},"rating":{"type":"rating","settings":{"show_empty":false}},"separator":{"type":"separator","settings":{}},"description":{"type":"description","disabled":true,"settings":{"collapse_content":false}},"variant-picker":{"type":"variant_picker","settings":{"hide_sold_out_variants":false,"stack_blocks":true,"selector_mode":"block","color_mode":"variant","size_chart_page":""}},"quantity-selector":{"type":"quantity_selector","disabled":true,"settings":{}},"buy-buttons":{"type":"buy_buttons","settings":{"show_payment_button":false,"show_gift_card_recipient":false,"atc_button_background":"","atc_button_text_color":"","payment_button_background":"","payment_button_text_color":""}}},"block_order":["vendor","title","badges","price","rating","separator","description","variant-picker","quantity-selector","buy-buttons"],"settings":{"full_width":false,"product":"relogio-poedagar-stellar","desktop_media_width":55,"desktop_media_layout":"carousel_thumbnails_left","mobile_media_size":"expanded","mobile_carousel_control":"floating_dots","enable_video_autoplay":true,"enable_video_looping":false,"enable_image_zoom":true,"max_image_zoom_level":3,"background":"#ffffff","background_gradient":"","text_color":"","input_background":"rgba(0,0,0,0)","input_text_color":""}},"before-after-image":{"type":"before-after-image","settings":{"full_width":true,"subheading":"","title":"","content":"<p>TECNOLOGIA PARA VER AS HORAS EM QUALQUER MOMENTO!<\/p>","before_image":"shopify:\/\/shop_images\/3.png","after_image":"shopify:\/\/shop_images\/v7was2uo.png","expand_image":false,"text_position":"center","before_after_text_position":"bottom","before_text":"Before","after_text":"","drag_initial_position":50,"background":"","background_gradient":"","text_color":"","before_text_color":"#ffffff","after_text_color":"#ffffff","drag_cursor_background":"#ffffff","drag_cursor_color":"#000000"}},"press":{"type":"press","blocks":{"16644243327ba53d2a-0":{"type":"quote","settings":{"logo_width":100,"author":"","content":"Share info about what your customers say about your products.","show_rating":false,"rating":4}},"16644243327ba53d2a-1":{"type":"quote","settings":{"logo_width":100,"author":"","content":"Or share content about your promotion, offers...","show_rating":false,"rating":4}}},"block_order":["16644243327ba53d2a-0","16644243327ba53d2a-1"],"disabled":true,"settings":{"full_width":true,"content_size":"medium","background":"","background_gradient":"","text_color":"","heading_color":"","heading_gradient":"","logo_item_background":"","logo_item_border":""}},"hot-spots":{"type":"hot-spots","blocks":{"1664424434f5b7d0e0-0":{"type":"item","settings":{"horizontal_position":32,"vertical_position":38,"horizontal_position_mobile":5,"vertical_position_mobile":70,"icon_width":32,"title":"PONTEIROS FLUORESCENTES","content":"<p>Os ponteiros dos relógios são projetados para absorver luz durante o dia e emitir essa luz em ambientes mais escuros, assegurando que você possa sempre verificar o horário.<\/p>"}},"1664424434f5b7d0e0-2":{"type":"item","settings":{"horizontal_position":74,"vertical_position":30,"horizontal_position_mobile":83,"vertical_position_mobile":75,"icon_width":32,"title":"Aço Inoxidável","content":"<p>Fabricado em aço inoxidável, por sua resistência à corrosão, impacto e abrasão, além de ser durável.<\/p>"}}},"block_order":["1664424434f5b7d0e0-0","1664424434f5b7d0e0-2"],"settings":{"full_width":true,"image":"shopify:\/\/shop_images\/7_2_2b18669b-d276-4abf-89ea-f31e4e91df68.png","title":"","content":"","button_text":"","button_url":"","desktop_text_position":"place-self-start text-start","image_background":"","image_background_gradient":"","overlay_color":"#000000","overlay_opacity":0,"overlay_text_color":"#ffffff","overlay_button_background":"","overlay_button_text_color":"","hot_spot_dot_background":"#ffffff","hot_spot_dot_text_color":"#000000","hot_spot_content_background":"#ffffff","hot_spot_content_text_color":"#000000","hot_spot_content_opacity":90,"hot_spot_content_blur_radius":3}},"multiple-images-with-text":{"type":"multiple-images-with-text","blocks":{"1664424486a2b084ab-0":{"type":"item","settings":{"image_rotation_degrees":-2,"subheading":"","title":"Heading 1","content":"<p>Use this text to share information about your brand with your customers. Describe a product, share announcements, or welcome customers to your store.<\/p>","button_url":"","button_text":""}},"1664424486a2b084ab-1":{"type":"item","settings":{"image_rotation_degrees":1.5,"subheading":"","title":"Heading 2","content":"<p>Use this text to share information about your brand with your customers. Describe a product, share announcements, or welcome customers to your store.<\/p>","button_url":"","button_text":""}}},"block_order":["1664424486a2b084ab-0","1664424486a2b084ab-1"],"disabled":true,"settings":{"full_width":true,"images_layout":"collage","collage_images_alignment":"middle","background":"","background_gradient":"","text_color":"","button_background":"","button_text_color":""}},"feature-chart":{"type":"feature-chart","blocks":{"16644246508f6fa13a-0":{"type":"headings","settings":{"heading_1":"Heading 1","heading_2":"Heading 2","heading_3":"Heading 3","heading_4":"Heading 4","heading_5":"","heading_6":"","heading_7":"","heading_8":"","heading_9":"","heading_10":"","heading_11":"","heading_12":"","heading_13":"","heading_14":"","heading_15":"","heading_16":"","heading_17":"","heading_18":"","heading_19":"","heading_20":""}},"16644246508f6fa13a-1":{"type":"values","settings":{"product":"","value_1":"<p>Yes<\/p>","value_2":"<p>Yes<\/p>","value_3":"<p>No<\/p>","value_4":"<p>No<\/p>","value_5":"","value_6":"","value_7":"","value_8":"","value_9":"","value_10":"","value_11":"","value_12":"","value_13":"","value_14":"","value_15":"","value_16":"","value_17":"","value_18":"","value_19":"","value_20":"","view_button_background":"","view_button_text_color":""}},"16644246508f6fa13a-2":{"type":"values","settings":{"product":"","value_1":"<p>No<\/p>","value_2":"<p>Yes<\/p>","value_3":"<p>Yes<\/p>","value_4":"<p>No<\/p>","value_5":"","value_6":"","value_7":"","value_8":"","value_9":"","value_10":"","value_11":"","value_12":"","value_13":"","value_14":"","value_15":"","value_16":"","value_17":"","value_18":"","value_19":"","value_20":"","view_button_background":"","view_button_text_color":""}}},"block_order":["16644246508f6fa13a-0","16644246508f6fa13a-1","16644246508f6fa13a-2"],"disabled":true,"settings":{"full_width":true,"subheading":"Compare","title":"Product specification","content":"<p>Give your customers useful information about your products and showcase differences between them.<\/p>","button_text":"","button_url":"","text_position":"start","max_rows":5,"view_all_text":"View all","view_less_text":"View less","view_product":"View","viewing_product":"","show_product_swatch":true,"background":"","background_gradient":"","text_color":"","heading_color":"","heading_gradient":"","button_background":"","button_text_color":"","chart_background":"","chart_text_color":"","chart_true_false_color":""}},"faq":{"type":"faq","blocks":{"166442457738b23caf-0":{"type":"item","settings":{"title":"Quanto tempo demora para chegar?","content":"<p><strong>Envio<\/strong>: o envio é feito em até 48hr após a confirmação do pagamento<\/p><p><strong>Tempo de entrega:<\/strong> Nossos produtos são enviados de nosso estoque e o tempo de entrega pode variar de 05 a 15 dias a depender da região.<\/p>"}},"166442457738b23caf-1":{"type":"item","settings":{"title":"Comprar na Orenza é seguro?","content":"<p>Sim, nós da Orenza garantimos a entrega de seu produto, caso ocorra imprevistos devolvemos o valor integral conforme o artigo 26 do Código de Defesa do Consumidor<\/p>"}},"166442457738b23caf-2":{"type":"item","settings":{"title":"Código para rastreio","content":"<p>Após o Disponível em até 48hr<\/p>"}}},"block_order":["166442457738b23caf-0","166442457738b23caf-1","166442457738b23caf-2"],"settings":{"full_width":false,"subheading":"","title":"Perguntas Frequentes","content":"<p>Atendimento de segunda à sábado das 08h às 17h<\/p>","team_avatar_width":160,"support_hours":"","answer_time":"","button_text":"","button_url":"","text_position":"start","background":"#ffffff","background_gradient":"","text_color":"","heading_color":"","heading_gradient":"","button_background":"","button_text_color":"","accordion_background":"","accordion_text_color":""}},"image_with_text_overlay_LtLDUX":{"type":"image-with-text-overlay","settings":{"full_width":true,"allow_transparent_header":false,"enable_parallax":false,"image_size":"md","image":"shopify:\/\/shop_images\/Design_sem_nome_a40d26d5-9443-45a5-bf77-8e9d88a329d6.png","mobile_image":"shopify:\/\/shop_images\/Design_sem_nome_a40d26d5-9443-45a5-bf77-8e9d88a329d6.png","mobile_text_position":"place-self-start text-start","desktop_text_position":"sm:place-self-center-start sm:text-start","text_color":"#ffffff","overlay_color":"#000000","overlay_opacity":30}},"featured_collection_neft4m":{"type":"featured-collection","settings":{"collection":"mais-vendidos","products":[],"full_width":true,"stack_products":false,"show_progress_bar":false,"products_count":6,"products_per_row_mobile":"2","products_per_row_desktop":3,"subheading":"","title":"Mais Vendidos","content":"","link_url":"","link_text":"Ver mais","background":"","background_gradient":"","text_color":"","heading_color":"","heading_gradient":"","product_card_background":"","product_card_text_color":""}}},"order":["image-with-text-overlay","slideshow","image-link-blocks","scrolling-text","collection-list","featured-collection","impact-text","media-grid","featured-product","before-after-image","press","hot-spots","multiple-images-with-text","feature-chart","faq","image_with_text_overlay_LtLDUX","featured_collection_neft4m"]}