{"sections":{"main":{"type":"main-page","settings":{"content_width":"80ch"}},"images_with_text_scrolling_ECJCkm":{"type":"images-with-text-scrolling","blocks":{"item_Ria3kq":{"type":"item","settings":{"image":"shopify:\/\/shop_images\/2017-03-19.jpg","icon":"none","icon_width":36,"title":"","content":""}},"item_nQCrxy":{"type":"item","settings":{"image":"shopify:\/\/shop_images\/2015-11-17.jpg","icon":"none","icon_width":48,"title":"","content":""}},"item_VzdPn8":{"type":"item","settings":{"image":"shopify:\/\/shop_images\/l.jpg","icon":"none","icon_width":48,"title":"","content":""}}},"block_order":["item_Ria3kq","item_nQCrxy","item_VzdPn8"],"settings":{"full_width":true,"stack_on_mobile":false,"show_counter":false,"desktop_image_effect":"fade","image_position":"start","background":"","background_gradient":"","text_color":"","heading_color":"","heading_gradient":""}}},"order":["main","images_with_text_scrolling_ECJCkm"]}