{"sections":{"main":{"type":"main-product","blocks":{"vendor":{"type":"vendor","settings":{}},"title":{"type":"title","settings":{"heading_tag":"h2"}},"8379581a-7229-47ef-9082-2693f408f6fd":{"type":"shopify:\/\/apps\/a2reviews-product-reviews\/blocks\/total\/6a88647f-451d-4142-88de-9df2dab10243","settings":{"type":"collection","show_total_rating":true,"show_avg":true,"show_text":true,"js_custom":"\/\/ Do callback"}},"badges":{"type":"badges","settings":{}},"price":{"type":"price","settings":{"show_taxes_notice":false}},"rating":{"type":"rating","settings":{"show_empty":false}},"payment_terms":{"type":"payment_terms","settings":{}},"separator":{"type":"separator","settings":{}},"description":{"type":"description","settings":{"collapse_content":false}},"associated_products_VQQLtY":{"type":"associated_products","settings":{"title":"COMPRE AGORA","stack_products":false,"products_count":5,"background":"#ffffff","text_color":"#020202"}},"variant_picker":{"type":"variant_picker","settings":{"hide_sold_out_variants":false,"stack_blocks":true,"selector_mode":"block","color_mode":"variant","size_chart_page":""}},"quantity_selector":{"type":"quantity_selector","settings":{}},"buy_buttons":{"type":"buy_buttons","settings":{"show_payment_button":false,"show_gift_card_recipient":true,"atc_button_background":"#00a341","atc_button_text_color":"#f2f2f2","payment_button_background":"#00a341","payment_button_text_color":"#ffffff"}}},"block_order":["vendor","title","8379581a-7229-47ef-9082-2693f408f6fd","badges","price","rating","payment_terms","separator","description","associated_products_VQQLtY","variant_picker","quantity_selector","buy_buttons"],"settings":{"full_width":true,"show_fixed_add_to_cart":true,"desktop_media_width":55,"desktop_media_layout":"grid_highlight","mobile_media_size":"expanded","mobile_carousel_control":"floating_dots","enable_video_autoplay":false,"enable_video_looping":true,"enable_image_zoom":true,"max_image_zoom_level":3,"background":"","background_gradient":"","text_color":"","input_background":"rgba(0,0,0,0)","input_text_color":""}},"315546709cc7176f81":{"type":"apps","blocks":{"ddf90879-094a-42ec-9a31-025f32f0540d":{"type":"shopify:\/\/apps\/a2reviews-product-reviews\/blocks\/main\/6a88647f-451d-4142-88de-9df2dab10243","settings":{"is_hide_when_zero":false,"type":"reviews","disable_script":false}}},"block_order":["ddf90879-094a-42ec-9a31-025f32f0540d"],"settings":{"full_width":true,"remove_vertical_spacing":false,"remove_horizontal_spacing":false,"background":"","background_gradient":"","text_color":"","enable_review_integration":true,"review_header_gradient":"linear-gradient(135deg, rgba(255, 194, 102, 1), rgba(255, 163, 26, 1) 100%)","review_header_text_color":"#000000","review_button_background":"#000000","review_button_text_color":"#ffffff"}},"related-products":{"type":"related-products","settings":{"recommendations_count":6,"products":[],"full_width":true,"stack_products":true,"show_progress_bar":true,"products_per_row_mobile":"1","products_per_row_desktop":3,"subheading":"","title":"Você vai gostar","content":"","background":"","background_gradient":"","text_color":"","heading_color":"","heading_gradient":"","product_card_background":"","product_card_text_color":""}}},"order":["main","315546709cc7176f81","related-products"]}