{"sections":{"main":{"type":"main-product","blocks":{"buy_buttons_VNiFxY":{"type":"buy_buttons","settings":{"show_payment_button":true,"show_gift_card_recipient":true,"atc_button_background":"","atc_button_text_color":"","payment_button_background":"","payment_button_text_color":""}}},"block_order":["buy_buttons_VNiFxY"],"settings":{"full_width":true,"show_fixed_add_to_cart":true,"desktop_media_width":55,"desktop_media_layout":"grid","mobile_media_size":"expanded","mobile_carousel_control":"floating_dots","enable_video_autoplay":false,"enable_video_looping":true,"enable_image_zoom":true,"max_image_zoom_level":3,"background":"","background_gradient":"","text_color":"","input_background":"rgba(0,0,0,0)","input_text_color":""}},"1729002506cc2ed067":{"type":"apps","blocks":{"a2reviews_product_reviews_main_YzXcJh":{"type":"shopify:\/\/apps\/a2reviews-product-reviews\/blocks\/main\/6a88647f-451d-4142-88de-9df2dab10243","settings":{"is_hide_when_zero":false,"type":"reviews","disable_script":false}}},"block_order":["a2reviews_product_reviews_main_YzXcJh"],"custom_css":[],"settings":{"full_width":true,"remove_vertical_spacing":false,"remove_horizontal_spacing":false,"background":"","background_gradient":"","text_color":"","enable_review_integration":true,"review_header_gradient":"linear-gradient(135deg, rgba(255, 194, 102, 1), rgba(255, 163, 26, 1) 100%)","review_header_text_color":"#000000","review_button_background":"#000000","review_button_text_color":"#ffffff"}},"newsletter_B4DmJK":{"type":"newsletter","settings":{"full_width":true,"show_icon":true,"title":"Newsletter","content":"<p>Write something about what your customers will receive by subscribing to your newsletter.<\/p>","button_text":"Subscribe","subtext":"","background":"","background_gradient":"","text_color":"","button_background":"","button_text_color":""}}},"order":["main","1729002506cc2ed067","newsletter_B4DmJK"]}