{"sections":{"main":{"type":"main-product","blocks":{"vendor":{"type":"vendor","disabled":true,"settings":{}},"title":{"type":"title","settings":{"heading_tag":"h2"}},"badges":{"type":"badges","settings":{}},"price":{"type":"price","settings":{"show_taxes_notice":false}},"payment_terms":{"type":"payment_terms","settings":{}},"rating":{"type":"rating","disabled":true,"settings":{"show_empty":true}},"a2reviews_product_reviews_total_nqmrxw":{"type":"shopify:\/\/apps\/a2reviews-product-reviews\/blocks\/total\/6a88647f-451d-4142-88de-9df2dab10243","settings":{"type":"product","show_total_rating":true,"show_avg":true,"show_text":true,"js_custom":"\/\/ Do callback"}},"separator":{"type":"separator","settings":{}},"variant_picker":{"type":"variant_picker","settings":{"hide_sold_out_variants":false,"stack_blocks":true,"selector_mode":"block","color_mode":"variant","size_chart_page":""}},"quantity_selector":{"type":"quantity_selector","settings":{}},"associated_products_VQQLtY":{"type":"associated_products","settings":{"title":"COMPRE AGORA","stack_products":false,"products_count":4,"background":"#ffffff","text_color":"#020202"}},"buy_buttons":{"type":"buy_buttons","settings":{"show_payment_button":false,"show_gift_card_recipient":true,"atc_button_background":"#00a341","atc_button_text_color":"#ffffff","payment_button_background":"#00a341","payment_button_text_color":"#ffffff"}},"liquid_byWfQk":{"type":"liquid","settings":{"liquid":"<div class=\"garantias-container\">\n  <div class=\"garantia-item\">\n    <img src=\"data:image\/png;base64,iVBORw0KGgoAAAANSUhEUgAAADIAAAAyCAYAAAAeP4ixAAAACXBIWXMAAAsTAAALEwEAmpwYAAAEUElEQVR4nO2ZW4hVVRjHf5NJNnljDH1wTIdEEMxJQd+iwUmEXkqpKU1wRnswR8gnqZkyRxMvoUlR9pQgEl3IQGVEEUUEdcwGH3wI7CJG2tXbjM44NnPki\/+GxfHsOXufs9bpBP5hwTl7f5e19l7r+\/7ft+E+7kEF8BpwDugDfgDWANUa9vsn4CrQCTRJp+zwMZBJOUynrLBIE+sBXgSGAnXAXqBLw37PAR6WTI90TPc\/w3BgGbBRE7yjSTWnsNEsHdPdJ1tLZbskmKm97m6Rf4C2Amy1Sde19SMwg8AY4SziJPAW0AhMKMKm6S6RrVPOYoK+mWXOIoYEsD\/EWYw9oGDYLCctAX20yMemgD7+PZQZbYVQWCIfFkSC4BUdzDtFnol8mOj48RqaHwA+caLKWo+2q4BvgKlZ19c7\/nb4YgDRAbcEtgK\/2CnbB2PyTI\/uG50pGmdl7AX84hlgQJOdEiPTIN\/GzYrGVRkzauELlSKVZvfNQeQekcxfPpxGCdB4ki9skc2z4mVxqJfceR9O13gOhzMVkSwyzcoju1++LesXjWoZu+HB1oPAGdnbmkC+W7I2h+ALsZxyFJicwNZq2bqQkEt1S348HvB2nq31le7\/CtQOYudx4KZk5yX0vV\/yNofgh30UcEQy11RQZcMS2mHJ7Erhu146FuGKxhUZs5AZh4eALyXXmyPnNOreH8CjKXxXSu9vPKBTxiw55aMyH0i2H1ip6+M0kYz4Who0+EyITQ5FSVLKvqGMbTobgM\/1uz2l32aHonipTSqyOiTrEug0OnV8Rs0HY7VJ8a6j+5HvttEiTc7GYwnkn3XC5+vlQONd7E1ZWM1WCE1TFjeGLqxQyyZ0qdsqH+YrGBbLyamAzYeOUjTujMr\/4izGRztoomyYrWgRFz2XDTnxhBxlN+iSRLNc0Sm7QXcBmEaJMMx5M2cKbJmucFqmJ50CqpISYo4c\/64t8JKTNBvEbOvVPrqpsU\/XhkvmlnReFr2PON38Ui7kQI6CZ0cBnxW2O\/pGaaIuZklQKwrSpXZOhArRme+0Rc6Lfo9XcozO0hXJvJqVsW1L\/Sm5p0qxkN1ytq2Atk8+nbWSs20YFBP0Wa0vBXcaq7PTr+JqMFSJ1gyEjlzbCyiOoqe8J6H8h5K3txgEVToX9rSmJ9SxguuyJjY3oU6NQvJtX02HuNq9vQACaGNVCr3PpPMeARJg9GRz1eRx+NZZyM8p+Fmt3rx1bkbjEcs1mdMpdJ6Wzm\/6lGa\/n0+hf0g6VnF6w\/d5EluHvi+62KN776iwyqj\/lf2mow5M3Ljks0I8liBLf+04rFHy61XzYSRwXXJPOnY\/TWC3U42N4KhRJs+oKDK8r\/82UWKuRZTklvrBZYG5egOW9BaqUZf99Cc5b2mBwuuASGNZoVWTH4g5D+gzmyvjPbz6gJ2PL5y9\/VwOmTrn\/mHR97LECOAEcHyQnNGuDzxjSjw3\/he4C3F2nG435P2fAAAAAElFTkSuQmCC\" alt=\"Cadeado\" class=\"icon\">\n    <h3>1 Ano de Garantia<\/h3>\n  <\/div>\n  <div class=\"garantia-item\">\n    <img src=\"https:\/\/cdn.shopify.com\/s\/files\/1\/0611\/6343\/8154\/files\/icons8-cadeado.svg?v=1729019462\" alt=\"Cadeado\" class=\"icon\">\n    <h3> Dados 100% Protegido<\/h3>\n  <\/div>\n  <div class=\"garantia-item\">\n    <img src=\"data:image\/png;base64,iVBORw0KGgoAAAANSUhEUgAAACAAAAAgCAYAAABzenr0AAAACXBIWXMAAAsTAAALEwEAmpwYAAAA20lEQVR4nO2UWwrCMBBFT9eh4mMPxT2qa7Bf6gKs6\/FP0U1EAtNSMMZJTa3FXLhQ0tz0MNMJJCUlgenAwwKIqeECmEhl1bboDGR9Aljn4XXSA\/i0kT2rvgCWoW0IkSaTycef2mC+BGC17qoNRgmQN9rQC0Dm2msi3GJtRvZ3ARbAAbiL98A84NB3eS\/ADLg6JuICTBUAmrwXoJDnIzASl7JWKAA0+ZcApmEbrDQJvOu1+Vqul+MPATR5p6oSlnKI9UnWtu5I1Dxtf8JY+XqM7OjcxDvFGMbMJ\/2JHqSD\/biRpaWcAAAAAElFTkSuQmCC\" alt=\"Cadeado\" class=\"icon\">\n    <h3>Entrega Grátis<\/h3>\n  <\/div>\n<\/div>\n\n<style>\n  .garantias-container {\n    display: flex;\n    justify-content: space-around;\n    padding: 0px 0px;\n    background-color: #f9f9f9;\n  }\n  .garantia-item {\n    text-align: center;\n    padding: 2px 0px;\n    display: flex;\n    align-items: center;\n  }\n  .icon {\n\n    margin-right: 0px;\n    width: 20px; \/* Ajuste o tamanho conforme necessário *\/\n    height: 20px; \/* Ajuste o tamanho conforme necessário *\/\n  }\n<\/style>"}}},"block_order":["vendor","title","badges","price","payment_terms","rating","a2reviews_product_reviews_total_nqmrxw","separator","variant_picker","quantity_selector","associated_products_VQQLtY","buy_buttons","liquid_byWfQk"],"settings":{"full_width":true,"show_fixed_add_to_cart":true,"desktop_media_width":55,"desktop_media_layout":"grid","mobile_media_size":"expanded","mobile_carousel_control":"floating_dots","enable_video_autoplay":false,"enable_video_looping":true,"enable_image_zoom":true,"max_image_zoom_level":3,"background":"","background_gradient":"","text_color":"","input_background":"rgba(0,0,0,0)","input_text_color":""}},"feature_chart_paWC8k":{"type":"feature-chart","blocks":{"headings_ebwerN":{"type":"headings","settings":{"heading_1":"Resistencia a Agua","heading_2":"Pulseira Ajustável","heading_3":"Modelo","heading_4":"Diâmetro","heading_5":"","heading_6":"","heading_7":"","heading_8":"","heading_9":"","heading_10":"","heading_11":"","heading_12":"","heading_13":"","heading_14":"","heading_15":"","heading_16":"","heading_17":"","heading_18":"","heading_19":"","heading_20":""}},"values_hBMb7J":{"type":"values","settings":{"product":"","value_1":"<p>3ATM | 30 Metros de profundidade<\/p>","value_2":"<p>Pulseira totalmente ajustável, permitindo o uso e ajuste para pulsos de diâmetros maiores ou menores.<\/p>","value_3":"<p>Orenza | Florest Green<\/p>","value_4":"<p>40 milímetros<\/p>","value_5":"","value_6":"","value_7":"","value_8":"","value_9":"","value_10":"","value_11":"","value_12":"","value_13":"","value_14":"","value_15":"","value_16":"","value_17":"","value_18":"","value_19":"","value_20":"","view_button_background":"","view_button_text_color":""}}},"block_order":["headings_ebwerN","values_hBMb7J"],"settings":{"full_width":true,"subheading":"","title":"","content":"<h3><strong>Aço inoxidável e vidro de safira asseguram alta durabilidade e resistência à água até 3ATM, garantindo uma extensa vida útil.<\/strong><\/h3>","button_text":"","button_url":"","text_position":"start","max_rows":5,"view_all_text":"View all","view_less_text":"View less","view_product":"View","viewing_product":"","show_product_swatch":true,"background":"","background_gradient":"","text_color":"","heading_color":"","heading_gradient":"","button_background":"","button_text_color":"","chart_background":"","chart_text_color":"","chart_true_false_color":""}},"17290000959d961d9a":{"type":"apps","blocks":{"a2reviews_product_reviews_main_63XWpr":{"type":"shopify:\/\/apps\/a2reviews-product-reviews\/blocks\/main\/6a88647f-451d-4142-88de-9df2dab10243","settings":{"is_hide_when_zero":false,"type":"reviews","disable_script":false}}},"block_order":["a2reviews_product_reviews_main_63XWpr"],"settings":{"full_width":true,"remove_vertical_spacing":false,"remove_horizontal_spacing":false,"background":"","background_gradient":"","text_color":"","enable_review_integration":true,"review_header_gradient":"linear-gradient(135deg, rgba(255, 194, 102, 1), rgba(255, 163, 26, 1) 100%)","review_header_text_color":"#000000","review_button_background":"#000000","review_button_text_color":"#ffffff"}},"related-products":{"type":"related-products","settings":{"recommendations_count":6,"products":[],"full_width":false,"stack_products":false,"show_progress_bar":true,"products_per_row_mobile":"1","products_per_row_desktop":3,"subheading":"","title":"Você também vai gostar...","content":"","background":"","background_gradient":"","text_color":"","heading_color":"","heading_gradient":"","product_card_background":"","product_card_text_color":""}}},"order":["main","feature_chart_paWC8k","17290000959d961d9a","related-products"]}