{"current":{"page_width":1440,"section_vertical_spacing":"medium","section_boxed_horizontal_spacing":"medium","button_border_radius":0,"input_border_radius":8,"block_border_radius":24,"block_shadow_opacity":10,"block_shadow_vertical_offset":18,"icon_stroke_width":1.1,"icon_style":"duo","button_style":"fill","button_hover_effect":"fade","background":"#ffffff","text_color":"#020202","success_color":"#00a341","warning_color":"#ffffff","error_color":"#f83a3a","header_background":"#2d5639","header_text_color":"#ffffff","footer_background":"#2d5639","footer_text_color":"#ffffff","dialog_background":"#f2f2f2","primary_button_background":"#00a341","primary_button_text_color":"#ffffff","secondary_button_background":"#bfbfbf","secondary_button_text_color":"#ffffff","product_card_background":"#ffffff","product_card_text_color":"#000000","product_rating_color":"#00d129","product_on_sale_accent":"#000000","product_sold_out_badge_background":"#000000","product_primary_badge_background":"#ffffff","heading_font":"sans-serif","heading_font_size":"medium","heading_text_transform":"normal","heading_letter_spacing":-2,"text_font":"sans-serif","text_font_size_desktop":16,"show_page_transition":true,"heading_apparition":"split_fade","color_swatch_style":"round","show_vendor":false,"show_quick_buy":true,"show_product_rating":true,"show_sold_out_badge":true,"discount_mode":"percentage","product_color_display":"variant","product_image_aspect_ratio":"natural","product_info_alignment":"start","cart_type":"popover","cart_icon":"tote_bag","cart_show_free_shipping_threshold":true,"cart_free_shipping_threshold":45,"favicon":"shopify:\/\/shop_images\/favicon.webp","checkout_accent_color":"#f0c417","checkout_button_color":"#1a1a1a","sections":{"announcement-bar":{"type":"announcement-bar","blocks":{"message":{"type":"message","settings":{"text":"📦 Free Shipping Over $45","url":""}}},"block_order":["message"],"settings":{"enable_sticky":false,"text_size":"text-base","navigation_mode":"arrows","scrolling_speed":10,"background":"#c0964a","background_gradient":"","text_color":"#ffffff"}},"header":{"type":"header","settings":{"enable_sticky":true,"hide_on_scroll":false,"logo":"shopify:\/\/shop_images\/MASTERBossmanLogos.png","logo_max_width":220,"logo_mobile_max_width":170,"menu":"main-menu","sidebar_menu":"","secondary_menu":"","menu_open_trigger":"click","opening_from":"bottom","layout":"logo_left_navigation_center","show_social_media":true,"show_locale_selector":false,"show_country_selector":false,"show_country_flag":false,"show_country_name":false,"transparent_header_text_color":"#ffffff","reduce_padding":false,"background_opacity":100,"background_blur_radius":0}},"cart-drawer":{"type":"cart-drawer","settings":{"show_cart_note":true,"show_shipping_text":true,"show_checkout_button":true,"recommendations_title":"Trending this month","products":[],"product_card_background":"#ffffff","product_card_text_color":""}},"search-drawer":{"type":"search-drawer","settings":{"full_width":true,"show_article_category":true,"search_menu":"","search_menu_show_title":true}},"footer":{"type":"footer","blocks":{"newsletter":{"type":"newsletter","settings":{"image":"{{shop.brand.logo}}","image_width":150,"heading_size":"h3","title":"Sign up for new stories and personal offers","content":""}},"links":{"type":"links","settings":{"menu":"footer","show_menu_title":true}},"text":{"type":"text","settings":{"title":"About","content":"<p>Use this text area to tell your customers about your brand and vision. You can change it in the theme editor.<\/p>"}}},"block_order":["newsletter","links","text"],"settings":{"show_social_media":true,"show_payment_icons":true,"show_country_selector":true,"show_country_flag":true,"show_country_name":true,"show_locale_selector":true}},"newsletter-popup":{"type":"newsletter-popup","settings":{"apparition_delay":5,"show_only_on_index":true,"show_only_for_visitors":true,"show_only_once":true,"title":"Signup for our newsletter","button_text":"Subscribe","subtext":"Describe what your customers will receive when subscribing to your newsletter."}}},"content_for_index":[],"blocks":{"4214657528271059384":{"type":"shopify:\/\/apps\/a2reviews-product-reviews\/blocks\/app-embed\/6a88647f-451d-4142-88de-9df2dab10243","disabled":false,"settings":{}}}},"presets":{"Sound":{"section_vertical_spacing":"medium","button_border_radius":60,"input_border_radius":8,"block_border_radius":24,"block_shadow_opacity":10,"block_shadow_vertical_offset":18,"background":"#f0f0f0","text_color":"#1a1a1a","header_background":"#f0f0f0","header_text_color":"#1a1a1a","footer_background":"#ffffff","footer_text_color":"#1a1a1a","primary_button_background":"#1a1a1a","primary_button_text_color":"#ffffff","secondary_button_background":"#f0c417","secondary_button_text_color":"#1a1a1a","product_card_text_color":"#1a1a1a","product_primary_badge_background":"#803cee","heading_font":"din_next_n7","heading_font_size":"large","heading_letter_spacing":-2,"text_font":"din_next_n4","show_page_transition":true,"heading_apparition":"split_fade","product_color_display":"swatch","product_info_alignment":"start","checkout_accent_color":"#f0c417","checkout_button_color":"#1a1a1a"},"Home":{"section_vertical_spacing":"medium","section_boxed_horizontal_spacing":"large","button_hover_effect":"reverse","background":"#ffffff","text_color":"#272727","success_color":"#708a5c","warning_color":"#e37e16","error_color":"#aa2826","header_background":"#ffffff","header_text_color":"#272727","footer_background":"#f2f2f2","footer_text_color":"#272727","primary_button_background":"#272727","primary_button_text_color":"#ffffff","secondary_button_background":"#3c619e","secondary_button_text_color":"#ffffff","product_card_text_color":"#272727","product_on_sale_accent":"#e34f4f","product_sold_out_badge_background":"#bebdb9","product_primary_badge_background":"#3c619e","heading_font":"futura_n7","heading_font_size":"large","heading_text_transform":"normal","heading_letter_spacing":-1,"text_font":"futura_n4","heading_apparition":"split_rotation","color_swatch_style":"rectangle","product_color_display":"swatch","cart_type":"drawer","checkout_body_background_color":"#f2f2f2","checkout_sidebar_background_color":"#ffffff","checkout_accent_color":"#3c619e","checkout_button_color":"#3c619e"},"Shape":{"page_width":1440,"section_vertical_spacing":"small","section_boxed_horizontal_spacing":"medium","button_border_radius":60,"input_border_radius":8,"block_border_radius":20,"icon_stroke_width":1.5,"button_style":"fill","button_hover_effect":"reverse","text_color":"#2a555a","header_background":"#ffffff","header_text_color":"#2a555a","footer_background":"#f7f7f7","footer_text_color":"#2a555a","primary_button_background":"#2a555a","primary_button_text_color":"#ffffff","secondary_button_background":"#d9967e","product_card_text_color":"#2a555a","heading_font":"itc_berkeley_old_style_n4","heading_font_size":"large","heading_text_transform":"normal","heading_letter_spacing":-1,"text_font":"muli_n4","text_font_size_desktop":15,"product_color_display":"swatch","product_info_alignment":"center"}},"platform_customizations":{"custom_css":["split-lines:nth-child(1) {font-weight: bold; font-style: normal;}","\/* CSS Titulo negrito *\/.product-info__title.h2 {font-weight: bold; font-style: normal;}","\/* CSS para o botão flutuante *\/.product-quick-add {z-index: 10;"]}}