{"type":"footer","name":"Footer group","sections":{"footer":{"type":"footer","blocks":{"text":{"type":"text","settings":{"title":"APRECIE O LUXO EM SEU PULSO","content":"<p>Nossa seleção exclusiva de relógios e acessórios masculinos reflete o mais alto nível de sofisticação e bom gosto. Desde 2017, cultivamos a confiança de nossos clientes ao oferecer peças que combinam excelência, autenticidade e estilo atemporal.  <\/p><p>Oferecemos cuidadosamente produtos escolhidos para homens que valorizam o requinte. Compromisso, elegância e qualidade são nossos pilares.<\/p>","enable_follow_on_shop":true}},"text_UL3gT3":{"type":"text","settings":{"title":"CENTRAL DE ATENDIMENTO","content":"<p> <strong>Atendimento<\/strong>: seg. à sáb. 10 às 19h<\/p><p> <strong>Contato<\/strong>: (41) 9 7402-5456<\/p><p> <strong>Email<\/strong>: orenzacontato@gmail.com<\/p>","enable_follow_on_shop":true}},"newsletter":{"type":"newsletter","settings":{"image_width":150,"heading_size":"h6","title":"ACOMPANHE NOSSAS NOVIDADES","content":"<p>Cadastre seu e-mail parareceber informações exclusivas<\/p>"}},"links":{"type":"links","settings":{"menu":"main-menu","show_menu_title":true}}},"block_order":["text","text_UL3gT3","newsletter","links"],"custom_css":[".inline-block.link-faded.break-all {width: 175px;}"],"settings":{"show_social_media":true,"show_payment_icons":true,"show_country_selector":true,"show_country_flag":true,"show_country_name":false,"show_locale_selector":false}}},"order":["footer"]}