{"type":"header","name":"Header group","sections":{"announcement-bar":{"type":"announcement-bar","blocks":{"message":{"type":"message","settings":{"text":"📦 FRETE GRÁTIS APARTIR DE R$ 199","url":""}},"message_WdXKhB":{"type":"message","settings":{"text":"PRODUTOS A PRONTA ENTREGA","url":""}}},"block_order":["message","message_WdXKhB"],"settings":{"enable_sticky":true,"text_size":"text-xs","navigation_mode":"scrolling","scrolling_speed":10,"background":"#1a1a1a","background_gradient":"","text_color":"#ffffff"}},"header":{"type":"header","settings":{"enable_sticky":true,"hide_on_scroll":false,"logo":"shopify:\/\/shop_images\/orenza_1.png","logo_max_width":120,"logo_mobile_max_width":100,"menu":"footer","sidebar_menu":"footer","secondary_menu":"","menu_open_trigger":"click","opening_from":"bottom","layout":"logo_left_navigation_center","show_social_media":true,"show_locale_selector":true,"show_country_selector":false,"show_country_flag":false,"show_country_name":false,"transparent_header_text_color":"#ffffff","reduce_padding":false,"background_opacity":100,"background_blur_radius":0}}},"order":["announcement-bar","header"]}