{"type":"custom.overlay","name":"Overlay group","sections":{"newsletter-popup":{"type":"newsletter-popup","settings":{"apparition_delay":5,"show_only_on_index":true,"show_only_for_visitors":true,"show_only_once":true,"title":"Se inscreva para receber promoções","button_text":"Assinar","subtext":"Receba promoções e ganhe <strong>descontos<\/strong> em suas próximas compras."}},"privacy-banner":{"type":"privacy-banner","settings":{"privacy_bar_title":"Cookies","privacy_bar_content":"<p>Utilizamos cookies e tecnologias semelhantes para fornecer a melhor experiência em nosso site.<\/p>"}},"cart-drawer":{"type":"cart-drawer","settings":{"show_cart_note":true,"show_shipping_text":true,"show_view_cart_button":true,"show_checkout_button":true,"recommendations_title":"Trending this month","products":[],"product_card_background":"#f2f2f2","product_card_text_color":""}},"search-drawer":{"type":"search-drawer","settings":{"full_width":false,"show_article_category":true,"search_menu":"","search_menu_show_title":true}}},"order":["newsletter-popup","privacy-banner","cart-drawer","search-drawer"]}